{
  "project_info": {
    "project_number": "34195525560",
    "firebase_url": "https://vlstore-default-rtdb.asia-southeast1.firebasedatabase.app",
    "project_id": "vlstore",
    "storage_bucket": "vlstore.appspot.com"
  },
  "client": [
    {
      "client_info": {
        "mobilesdk_app_id": "1:34195525560:android:5a439f02c1041c177ec94d",
        "android_client_info": {
          "package_name": "com.example.mobileapplayout1"
        }
      },
      "oauth_client": [
        {
          "client_id": "34195525560-935i1fgj7q98fmik7nuvtj9032lpjt2k.apps.googleusercontent.com",
          "client_type": 3
        }
      ],
      "api_key": [
        {
          "current_key": "AIzaSyDAg_dotyJ7g3ZqFyoG_1uWEkwBjr3AKu0"
        }
      ],
      "services": {
        "appinvite_service": {
          "other_platform_oauth_client": [
            {
              "client_id": "34195525560-935i1fgj7q98fmik7nuvtj9032lpjt2k.apps.googleusercontent.com",
              "client_type": 3
            }
          ]
        }
      }
    }
  ],
  "configuration_version": "1"
}